Price,Close,High,Low,Open,Volume
Ticker,MSFT,MSFT,MSFT,MSFT,MSFT
Date,,,,,
2020-01-02,152.7910919189453,152.8957309046152,150.61271696369764,151.0407802632386,22622100
2020-01-03,150.88864135742188,152.15381709483418,150.35593883957563,150.60327537647208,21116200
2020-01-06,151.27859497070312,151.34519001394506,148.8814201698209,149.4236443274812,20813700
2020-01-07,149.8993377685547,151.88746483638144,149.65201574834077,151.55453302244598,21634100
2020-01-08,152.28697204589844,152.96237197756489,150.25127940622974,151.18350868587726,27746500
2020-01-09,154.18948364257812,154.31315188987753,153.18115197551302,153.95166902241928,21385000
2020-01-10,153.47601318359375,155.2643834620675,153.32380836945768,154.88388594177735,20725900
2020-01-13,155.3214874267578,155.35002402068366,153.39994118378453,153.87557043595248,21626500
2020-01-14,154.22752380371094,155.6258747654675,153.83750438933242,155.42610412162335,23477400
2020-01-15,155.22630310058594,155.94926860820615,154.6460495442772,154.6936008413171,21417900
2020-01-16,158.07061767578125,158.13721273567788,156.03492513756743,156.33933481414817,23865400
2020-01-17,158.9552459716797,159.30720684967287,157.3666320549508,159.2596410381757,34371700
2020-01-21,158.38449096679688,159.99211965397268,158.31789592529336,158.55571047629456,29517200
2020-01-22,157.62351989746094,159.32628062584678,157.60449066453182,159.2406563351917,24138800
2020-01-23,158.59378051757812,158.6698829212633,157.21445892402645,158.08961479383197,19680800
2020-01-24,156.9956817626953,159.3643204314718,156.43444278382523,159.34529119903766,24918100
2020-01-27,154.37022399902344,155.41661412644106,152.39160463130347,153.2952972785901,32078100
2020-01-28,157.395263671875,157.68062965674596,155.1217560637201,155.79714158132165,24899900
2020-01-29,159.8494415283203,160.52484132139085,157.61399318783765,159.659192767542,34754500
2020-01-30,164.35841369628906,165.56651584401405,162.46540438725938,165.56651584401405,51597500
2020-01-31,161.93270874023438,163.99693766743874,161.3143966039244,163.81621076924645,36142700
2020-02-03,165.8804473876953,165.99459375290948,162.09442843750818,162.12296502881173,30107000
2020-02-04,171.34068298339844,171.83534148669108,167.71639028102626,168.5059366082836,36433300
2020-02-05,171.1314239501953,175.2218390152504,169.71405786275008,175.0601267878599,39186300
2020-02-06,174.67958068847656,174.86032210279942,171.28358131001283,172.1492299180586,27751400
2020-02-07,174.92689514160156,176.5820898746418,173.58561740181293,173.93759285700128,33529100
2020-02-10,179.50244140625,179.63561698994738,174.3180864847477,174.63200347097373,35844300
2020-02-11,175.45010375976562,181.404976191026,174.55591853044396,181.35741036743522,53159900
2020-02-12,175.7069549560547,176.7913890101186,172.98635520427305,176.53454516400944,47062900
2020-02-13,174.75567626953125,177.15283683880781,173.95660823138869,174.1563788696869,35295800
2020-02-14,176.31576538085938,176.3728385673503,173.74735586834763,174.3181167633619,23149500
2020-02-18,178.10411071777344,178.55120333839932,176.45843770794613,176.56307671522137,27792200
2020-02-19,178.6383056640625,179.49677098776976,177.86568396178592,179.38231282586216,29997500
2020-02-20,175.9102325439453,178.60964847032747,172.74343619825413,178.32348857919536,36862400
2020-02-21,170.34922790527344,175.0326667876502,169.07106369542777,174.71789239781745,48572600
2020-02-24,163.00454711914062,166.49566562535716,155.69800236911044,160.02851930646872,68311100
2020-02-25,160.314697265625,166.77229643217194,159.9140646567096,166.16182874650244,68073300
2020-02-26,162.3177490234375,165.2651619367239,160.44819854734476,161.87898321065205,56206100
2020-02-27,150.88107299804688,159.3227121355239,150.69030453462327,155.78391129170845,93174900
2020-02-28,154.53433227539062,156.15590045131265,144.9862311109964,145.37731588541052,97012700
2020-03-02,164.81687927246094,164.94088529079474,154.82046595157254,157.68203581689798,71030800
2020-03-03,156.91893005371094,166.92489013643683,154.7727528948139,165.78026522929747,71677000
2020-03-04,162.68026733398438,162.82334002083235,157.97774611203417,160.71532480954662,49814400
2020-03-05,158.59774780273438,162.98547961930032,158.0445092042918,158.38789817730108,47817300
2020-03-06,154.11468505859375,155.58361845913788,148.80169449331225,155.1066899511465,72821100
2020-03-09,143.6698760986328,150.4708782982367,143.07848966551825,144.03234626328836,70419300
2020-03-10,153.49459838867188,153.59952319416868,145.53943804182967,150.8619594798835,65354400
2020-03-11,146.541015625,150.42320498839098,144.17544043039595,149.87951421502953,56371600
2020-03-12,132.64332580566406,146.38840594496588,132.18547861171123,138.59539754585046,93226400
2020-03-13,151.50103759765625,154.43891751850273,134.23622821911493,140.6938411385518,92727400
2020-03-16,129.1712646484375,142.45849523329102,128.77064660556167,133.53992981317504,87905900
2020-03-17,139.80677795410156,140.69385766362416,128.77064938704584,133.53993269767716,81059800
2020-03-18,133.92147827148438,139.26308174950935,128.78973899188242,131.6322279550157,81593200
2020-03-19,136.1248779296875,143.22155860648684,132.58606363997856,136.18210699531306,85922700
2020-03-20,131.01222229003906,140.31232502440062,129.59097058119917,139.26307684274727,84866200
2020-03-23,129.70542907714844,134.0836423608826,126.40509306902422,130.6879003068529,78975200
2020-03-24,141.49508666992188,142.69695531892708,134.75132797536872,137.1168883034806,82516700
2020-03-25,140.14065551757812,147.20873871617403,137.77509445530214,142.03883600880647,75638200
2020-03-26,148.9065399169922,149.4311639068765,141.52368531178152,141.5522998426211,64568100
2020-03-27,142.79232788085938,147.74284588636053,142.3153995883016,144.74773679128555,57042300
2020-03-30,152.8364715576172,153.18940847212681,143.08805386095278,145.40593346202493,63420300
2020-03-31,150.4327392578125,157.17649823097136,149.33579537324835,152.04474477660588,77927200
2020-04-01,145.09112548828125,150.4708760366592,143.86065689971826,145.94005726534934,57969900
2020-04-02,148.0957794189453,148.30562904799265,143.42188761859504,144.85267260499177,49630700
2020-04-03,146.7317657470703,150.11795966237685,145.16744147090267,147.94316773099004,41243300
2020-04-06,157.6438751220703,158.8171145960234,150.30871596903418,152.92228813961418,67111700
2020-04-07,155.94602966308594,162.1556312433612,155.726632153198,161.76454652194099,62769000
2020-04-08,157.51034545898438,158.97927822305374,155.95555453910382,158.0254216203681,48318200
2020-04-09,157.51992797851562,159.64702479147812,155.79344931722983,158.68363456159136,51385100
2020-04-13,157.87278747558594,157.93003109276276,154.8109161952684,156.76632497332315,41905300
2020-04-14,165.68490600585938,165.73260175183552,160.24792572263806,161.20178242336806,52874300
2020-04-15,163.94888305664062,165.5609030982997,161.4307021228073,163.30025297649564,40940800
2020-04-16,168.8707733154297,169.09970414895645,164.92180740395108,166.2572154341446,50479600
2020-04-17,170.35877990722656,171.69417321031753,167.75474113415606,171.21724495139998,52765600
2020-04-20,166.98214721679688,170.50188067672113,166.91538481798173,168.47970918298162,36669600
2020-04-21,160.0762176513672,165.65626989096575,158.44511650151756,165.49411601952747,56203700
2020-04-22,165.51321411132812,165.97106123943186,162.93780400303513,163.4814947386525,34620200
2020-04-23,163.51011657714844,166.98215444262306,163.02365489148056,166.07599347299146,32790800
2020-04-24,166.4956512451172,166.50518457021275,162.83284586053986,164.1205433737908,34277600
2020-04-27,166.01873779296875,168.73722026620558,165.30334537032283,168.44152706026333,33194400
2020-04-28,161.9744110107422,167.56401210037632,161.57379292571434,167.48770181446167,34392700
2020-04-29,169.24278259277344,169.48124676114833,163.94888969860907,165.22705414797102,51286600
2020-04-30,170.94065856933594,172.07573576963108,168.09815524104735,171.6941989272274,53875900
2020-05-01,166.5147705078125,170.39695969444045,165.9805985317826,167.6880101692875,39370500
2020-05-04,170.58770751953125,170.740328065678,165.78027675348025,166.43844012337868,30372900
2020-05-05,172.41909790039062,175.1757426383778,171.5987807177355,172.28555857087446,36839200
2020-05-06,174.1169891357422,175.70039469195763,173.24899063260753,173.67822322069787,32139300
2020-05-07,175.1280975341797,176.03425849647905,174.15515961601804,175.67178828968,28316000
2020-05-08,176.1582489013672,176.4634900325435,174.89916562201049,176.44440882317042,30877800
2020-05-11,178.1232147216797,178.8576739397428,174.4127125466387,174.69885792785863,30892700
2020-05-12,174.08836364746094,178.40933290146666,173.88806191114628,178.18041663139275,32038200
2020-05-13,171.45574951171875,175.55733641654106,168.3938629633808,174.126551302396,44711500
2020-05-14,172.19972229003906,172.3523428315941,167.57351218768702,169.34768595785033,41873900
2020-05-15,174.70835876464844,178.4283932657609,168.83259927418283,170.79754132116506,46610400
2020-05-18,176.3776397705078,177.60810846674812,175.47147884788774,177.17887587758048,35264500
2020-05-19,175.15667724609375,177.98963227197413,175.02313791561804,176.4920705508508,26799100
2020-05-20,177.5862579345703,177.76799779184822,175.94105393584874,176.77321581366417,31261300
2020-05-21,175.45321655273438,178.5523247036514,175.3193052829855,177.33754880256504,29119500
2020-05-22,175.52975463867188,176.43845397165413,174.60193554780003,175.2236779648529,20826900
2020-05-26,173.67408752441406,178.38969001893545,173.22452520768616,178.2366444227661,36073600
2020-05-27,173.90365600585938,174.07583596489462,168.92023059491422,172.36366922806093,39517100
2020-05-28,173.511474609375,176.14188569664367,172.53584173284602,172.88018704080682,33810200
2020-05-29,175.28106689453125,176.25671457318845,172.56457255301947,174.78367587861493,42130400
2020-06-01,174.8793182373047,175.041923737436,173.5688997628599,174.60192122307836,22622400
2020-06-02,176.8688201904297,176.95490285653173,173.46363628691375,176.23751811522146,30794600
2020-06-03,177.29928588867188,177.85406529157166,175.59669357418727,176.78277518679027,27311000
2020-06-04,174.9653778076172,177.7583943609806,174.3723443448823,176.28537058104067,28761800
2020-06-05,179.05926513671875,179.56621595665115,174.09495937621747,174.6784330023025,39893600
2020-06-08,180.16883850097656,180.3505783558799,176.41930826771952,177.8540781598184,33211600
2020-06-09,181.5461883544922,182.40704430192065,179.116636919803,179.8244618644037,29783900
2020-06-10,188.28005981445312,189.88700962289897,182.7035859580672,182.81837746989203,43872300
2020-06-11,178.16970825195312,187.24700868997357,177.97840854130584,184.73138903425857,52854700
2020-06-12,179.57577514648438,183.38269320838114,177.12708934369635,182.25400015772934,43373600
2020-06-15,180.72357177734375,182.52182091987822,176.00795501374972,176.55317443918085,32770200
2020-06-16,185.1522674560547,187.07485373715943,183.13402401668807,184.501830889387,42556700
2020-06-17,185.79310607910156,187.7826550387028,185.26702096558634,186.54874499107336,25687800
2020-06-18,187.7826690673828,187.94527455184777,185.56355154831002,185.56355154831002,23061600
2020-06-19,186.66358947753906,190.6235544822857,185.91751017195176,189.9539980023018,44441100
2020-06-22,191.84786987304688,192.0295951308486,186.7400780172869,187.27572310292848,32818900
2020-06-23,193.1295623779297,195.08084266844995,192.67042558408718,193.30172772919698,30917400
2020-06-24,189.23660278320312,194.41134364962414,188.01226682968291,192.83310241750013,36740600
2020-06-25,191.62779235839844,191.88605493005068,186.96957917001018,189.19825599559513,27803900
2020-06-26,187.79226684570312,191.19745201994246,186.40532541398008,191.0444063818286,54675800
2020-06-29,189.8104705810547,189.89655326113646,185.13312189192482,187.26614211582302,26701600
2020-06-30,194.6599884033203,195.51128453394895,189.14091796547544,189.2748292243867,34310300
2020-07-01,195.7982635498047,197.37651920325007,192.99568667298786,194.3061051830812,32061200
2020-07-02,197.2904052734375,198.97387782843097,196.08520390857598,196.73562587192674,29315800
2020-07-06,201.53732299804688,201.94863125270484,199.04082302817392,199.7486480317631,31897600
2020-07-07,199.1938934326172,205.33470702734704,198.94520523051517,201.29821975991723,33600700
2020-07-08,203.57473754882812,203.9860312826391,199.61477287303487,200.93476596337777,33600000
2020-07-09,204.9999237060547,206.97033863660073,202.27385514588218,206.92251005576313,33121700
2020-07-10,204.37818908691406,204.77036303130967,201.90082321516783,204.33036050426486,26177600
2020-07-13,198.06521606445312,206.41557308795694,197.5199964776641,205.15296852606744,38135600
2020-07-14,199.28952026367188,199.76777683776734,193.2443501613937,197.16605990706944,37591800
2020-07-15,198.99301147460938,202.1399482620508,196.11391182662243,200.44691571125904,32179400
2020-07-16,195.05213928222656,196.75473134254014,193.51215268888328,196.46777450867395,29940700
2020-07-17,194.05738830566406,196.1234455721797,192.6321784889967,195.57824067810387,31635300
2020-07-20,202.39817810058594,203.0677343525403,194.18171946693002,196.08518579305823,36884800
2020-07-21,199.672119140625,204.63642470144228,198.98342850818605,204.3686021882974,37990400
2020-07-22,202.54165649414062,203.06774163784718,199.32777177422597,200.1025450789428,49605700
2020-07-23,193.73219299316406,201.7477789369592,193.35915339838218,198.17998849504676,67457000
2020-07-24,192.5460968017578,194.03825495562663,188.92090385040757,191.7043605733263,39827000
2020-07-27,194.98526000976562,195.10003694586652,192.12527972495187,192.7087534755247,30160900
2020-07-28,193.2348175048828,195.79826609743196,192.9669949532802,194.75567012189074,23251400
2020-07-29,195.18609619140625,195.75043551973067,193.225241062325,193.69393782047123,19632600
2020-07-30,195.0330352783203,195.56869492931756,190.89134597384654,192.25915284158472,25079600
2020-07-31,196.09478759765625,196.1808848875698,190.35570776198168,195.51131389721994,51044000
2020-08-03,207.1234130859375,208.1755837040203,201.2886898813273,202.32172614401676,78983000
2020-08-04,204.01470947265625,205.43035962454596,201.16430400722945,204.85644582294373,49280100
2020-08-05,203.679931640625,205.65034657959205,202.36951317242983,205.55468941750803,28806400
2020-08-06,206.94163513183594,206.96075488712705,202.3503688866513,203.10600788717565,32656800
2020-08-07,203.23992919921875,206.31990300040553,201.75733075780226,205.50687550334305,27820400
2020-08-10,199.1938934326172,202.66604135956476,197.37652401250227,202.46516714596478,36716500
2020-08-11,194.53567504882812,198.61997623519287,194.3061066079433,198.15129407016687,36446500
2020-08-12,200.093017578125,201.13561356193034,195.8460962329997,196.36260698797477,28013100
2020-08-13,199.6243438720703,202.15911314189273,199.09825858246668,200.33216904310393,22588900
2020-08-14,199.81561279296875,200.47560927303832,198.48605995458004,199.68170152130492,17958900
2020-08-17,201.13560485839844,202.00603541795837,199.834746255779,200.48518285470567,20184800
2020-08-18,202.29298400878906,203.1251458308976,200.11213505791383,201.3747249054153,21336200
2020-08-19,201.06565856933594,203.3668480228417,200.63419011883883,202.78196401600835,27627600
2020-08-20,205.74473571777344,206.14744059024164,200.30819799368305,200.91224798712884,26981500
2020-08-21,204.24899291992188,207.345994897453,204.08599435589545,205.0544027529399,36249300
2020-08-24,204.89141845703125,206.6460708350552,203.68328899285845,205.94611770309248,25460100
2020-08-25,207.55691528320312,207.69115024090212,204.32567868183335,204.32567868183335,23043700
2020-08-26,212.04420471191406,212.94550281553757,208.4102633399885,208.90885658187838,39600800
2020-08-27,217.25067138671875,221.63249606861132,210.36629707415054,213.71260314885245,57602200
2020-08-28,219.48471069335938,221.14347442445492,217.25064590972104,218.78475766564586,26292900
2020-08-31,216.24388122558594,219.28335584643918,215.0741131215965,217.65335566841725,28774200
2020-09-01,217.91224670410156,218.08482824866277,215.18917152451806,216.22470468342772,25725500
2020-09-02,222.11187744140625,223.27206250514445,217.9889403085082,218.58340731956525,34080800
2020-09-03,208.35276794433594,219.86825604076049,206.10911995937482,219.82990946115655,58400300
2020-09-04,205.4283447265625,209.36911775904642,196.74138882603222,206.24335217978393,59664100
2020-09-08,194.31556701660156,201.38210582163182,193.8745008771497,197.9974531917492,52924300
2020-09-09,202.5902099609375,205.9940430172604,198.18920493769474,199.0521565659183,45679000
2020-09-10,196.91395568847656,205.8981590864597,195.705841025255,204.61332200974817,35461500
2020-09-11,195.629150390625,200.03975320004756,192.95403389095713,198.66862523374073,33620100
2020-09-14,196.9523468017578,200.5862889601672,195.62916294789403,195.83052273759688,30375800
2020-09-15,200.18359375,201.14241928367392,198.4097606604966,199.83841597265672,21823900
2020-09-16,196.60716247558594,201.97657624532405,196.2140405277088,201.94781265211503,26328100
2020-09-17,194.55528259277344,195.9168130252524,191.72675033928823,191.813041121579,34011300
2020-09-18,192.13902282714844,195.2647883886692,188.16948622524788,194.44979557058838,55225300
2020-09-21,194.20050048828125,194.363513689872,188.29414682687468,189.07079310162283,39839700
2020-09-22,198.87953186035156,199.53154063907363,193.75940852995475,196.6167036821613,33517100
2020-09-23,192.33082580566406,199.53161550804873,191.79388580436876,199.33983868142803,30803800
2020-09-24,194.82373046875,197.10573954514186,190.9980119519485,191.62125722458802,31202500
2020-09-25,199.2631072998047,200.43286086089412,194.20049558420504,195.16891862918936,29437300
2020-09-28,200.81640625,203.81753461508967,199.49322243628995,202.19711725030342,32004900
2020-09-29,198.7261505126953,201.4204622220947,198.29468200146903,200.73010675192674,24221900
2020-09-30,201.66976928710938,203.25182551081647,198.03581244692208,199.1768171334635,33829100
2020-10-01,203.71205139160156,205.17905308654628,202.6189910182993,204.69964038543978,27158400
2020-10-02,197.70021057128906,202.30257539421504,197.07696528611893,199.43568219566714,33154800
2020-10-05,201.71771240234375,201.74647599676422,198.4576969397012,198.68782032558104,21331600
2020-10-06,197.43173217773438,201.52590590584774,196.38661605306922,200.2219174695407,28554300
2020-10-07,201.19032287597656,201.458792800773,198.20837548293932,198.5343725872616,25681100
2020-10-08,201.90943908691406,202.4943231215223,199.74249911518376,201.84231429138708,19925800
2020-10-09,206.92413330078125,206.972077502924,202.53271065990162,202.53271065990162,26458000
2020-10-12,212.28395080566406,214.64266787262275,207.88294545944655,209.78141577203766,40461400
2020-10-13,213.68386840820312,215.93711436354207,211.35391465113807,213.5496334128117,28950800
2020-10-14,211.7661895751953,214.9878436739825,210.107425642433,213.81807545397245,23421700
2020-10-15,210.6156005859375,211.2867754707797,207.1158789362711,208.1610097896488,22733100
2020-10-16,210.6156005859375,213.1373015554528,210.28960344623061,211.08541569006942,26057900
2020-10-19,205.3995819091797,213.14689303076904,204.92016920089208,211.34429656584294,27625800
2020-10-20,205.81185913085938,208.41986529898946,204.31609389953766,206.91451708098484,22753500
2020-10-21,205.9556884765625,207.98839354045438,204.34485427779788,204.34485427779788,22724900
2020-10-22,206.04197692871094,207.16380082194547,202.98332175024004,205.1214981639855,22351500
2020-10-23,207.32681274414062,207.37475694038199,204.38322636550816,206.17622518692104,18879600
2020-10-26,201.43006896972656,207.43231151671645,199.53159851808076,205.04484531206813,37111600
2020-10-27,204.4695281982422,205.83105858814426,201.6697596264064,202.8778744322452,36700300
2020-10-28,194.33473205566406,200.24110024392866,193.77862617846768,199.1192762411455,51195600
2020-10-29,196.29074096679688,198.82203948797712,194.9963207988178,195.66751029659352,31432600
2020-10-30,194.13336181640625,195.87841627391037,191.40070382886736,195.12095071592788,36953700
2020-11-02,193.99913024902344,196.82766203875832,191.88011983803784,195.87841969764497,30842200
2020-11-03,197.93026733398438,199.55068416724947,194.75655845013884,195.49485790711685,27512000
2020-11-04,207.48019409179688,209.33073442172358,203.67365670033016,205.2077829438804,42311800
2020-11-05,214.0961151123047,214.89194194247165,212.04422936084907,212.89758337359194,36080100
2020-11-06,214.50845336914062,215.12210113635678,209.05273364487425,213.1085616277167,25231900
2020-11-09,209.39788818359375,218.72725565955997,208.90889247401392,215.19878504738315,44395000
2020-11-10,202.3217010498047,207.58565668728866,201.08482297394292,205.668006279092,44045100
2020-11-11,207.6336669921875,209.06230763770108,203.46277017398026,203.6449493616537,29440800
2020-11-12,206.5693359375,210.08822321961955,205.62969119016765,208.26646090512634,21593900
2020-11-13,207.59530639648438,208.4678411239819,205.34207522093908,207.45148842184906,18621100
2020-11-16,208.28565979003906,208.7746701597939,205.6872508716212,206.0228310191519,24953300
2020-11-17,205.6296844482422,208.7170885168225,205.26532614508415,207.20215738693167,24154100
2020-11-18,202.9187469482422,206.85060654985398,202.77453778794847,205.38937213802836,28372800
2020-11-19,204.2069091796875,204.79332449044625,201.81317822223278,203.20712659631747,24792700
2020-11-20,202.2554168701172,205.04328452616463,201.880496534734,203.99543213609604,22843100
2020-11-23,201.9862518310547,204.08195669194225,200.11165008190773,202.79377032779195,25683500
2020-11-24,205.59124755859375,205.966167884209,200.7845691949016,201.48634012873154,33979700
2020-11-25,205.60086059570312,206.9659555236733,204.24538841273622,206.79292213943785,21012900
2020-11-27,206.90826416015625,207.90806143290217,205.76427241000349,206.54296659445313,14512200
2020-11-30,205.79315185546875,206.45646120377745,202.6880268091678,205.82199075457697,33064800
2020-12-01,207.8503875732422,208.91747073268834,205.10096702441447,206.21610523136007,30904500
2020-12-02,207.0428466796875,207.13898610870106,204.5722217772667,206.57180161644624,23724500
2020-12-03,205.95657348632812,208.0138313758631,205.38937425344153,206.3122630148417,25120900
2020-12-04,206.07192993164062,207.05249649427384,204.93754613000235,205.93734351471602,24666000
2020-12-07,206.00462341308594,207.2062930539194,204.75489872167418,206.08153203035755,24620000
2020-12-08,207.6581268310547,208.56178476894175,204.65876403195657,205.6970083859873,23284100
2020-12-09,203.61087036132812,206.9082442233962,203.04368591308923,206.84095836336226,32440600
2020-12-10,202.38038635253906,204.84140328420904,202.2265691271052,203.58205592220745,26733300
2020-12-11,205.014404296875,205.07209674891865,201.0248678229062,201.92852554365294,30979400
2020-12-14,205.91810607910156,207.85040024359688,204.6491505701134,204.8606455997479,28798400
2020-12-15,205.85079956054688,207.09091604736759,204.03387583824556,206.8505821440536,27000600
2020-12-16,210.80165100097656,211.59956124036992,206.41796339032732,206.44680228233298,35023300
2020-12-17,210.936279296875,212.34944396119258,209.49427573482185,211.36887743172719,32515800
2020-12-18,210.1383514404297,211.19582649894002,207.66772650382657,210.1383514404297,63354900
2020-12-21,213.98367309570312,215.33915971981244,208.87898375471278,209.13854845628643,37181900
2020-12-22,215.28152465820312,216.9061843808769,213.27233651295927,214.07985500164784,22612200
2020-12-23,212.4744110107422,214.91619712516564,212.26291599270337,214.4835990132928,18699600
2020-12-24,214.1374969482422,214.96424612029446,212.64742388981097,212.85891888746272,10550600
2020-12-28,216.2620849609375,217.29070652946282,214.3970913608019,215.77179436717526,17933500
2020-12-29,215.48338317871094,218.3962290665934,214.93542947811645,217.55987173308796,17403200
2020-12-30,213.10888671875,216.90617439367813,212.90701444028235,216.52163131999487,20272300
2020-12-31,213.82029724121094,214.3778737403455,211.18623198712405,213.1281343228935,20942100
2021-01-04,209.27317810058594,214.37786849670263,206.50452649503688,213.92603952860762,37130100
2021-01-05,209.47506713867188,210.07110531569018,207.36013129036323,208.85981280700352,23823000
2021-01-06,204.04351806640625,208.11958702963867,203.74550632342644,203.9666094442147,35930700
2021-01-07,209.8499755859375,210.85938106284232,205.44707073489354,205.76429862560525,27694500
2021-01-08,211.12852478027344,212.0514134324191,208.6386690377971,210.2248669478522,22956200
2021-01-11,209.0808868408203,210.44598164507218,208.3502623900818,210.0229916301851,23031300
2021-01-12,206.61985778808594,208.70596899227266,205.072121521782,208.12916175268282,23249300
2021-01-13,207.975341796875,208.37910099174917,205.6585194623859,205.7450508153582,20087100
2021-01-14,204.78375244140625,209.05208566159163,204.51457959588285,207.56201226534566,29480800
2021-01-15,204.42803955078125,206.21612461662198,203.83201608510745,205.26441162063566,31746500
2021-01-19,208.07151794433594,208.59063280969372,204.40883098056443,205.4855223569034,30480900
2021-01-20,215.66603088378906,217.0599646081616,208.88861178460542,209.28276291190494,37777300
2021-01-21,216.27169799804688,217.55027626529116,213.82028897946032,216.01213324650223,30709400
2021-01-22,217.21380615234375,221.17451935101673,217.06961165977887,218.30012022572993,30172700
2021-01-25,220.65536499023438,220.89569889665592,215.55067516485178,220.26121386318684,33152100
2021-01-26,223.34715270996094,225.1256151747856,221.18414711603492,222.89532370127966,49169600
2021-01-27,223.89508056640625,231.1435600205835,221.2417992926183,228.79789854562574,69870600
2021-01-28,229.69192504882812,233.25848684590053,226.0003995892036,226.5002982458668,49111200
2021-01-29,222.9914093017578,228.8171006142389,222.40499400670646,226.86559054537324,42503100
2021-02-01,230.38409423828125,233.1239068460614,223.4432493228023,225.9715669034434,33314200
2021-02-02,230.24949645996094,232.9412392161706,229.4612088540299,231.97029548956272,25916300
2021-02-03,233.6045684814453,235.61375651700394,230.00916778453657,230.30719416490047,27158100
2021-02-04,232.65283203125,233.83528542530067,231.07624217466682,233.2777089960579,25296100
2021-02-05,232.8354949951172,233.8737392729773,231.1243186859083,232.8643338915451,18054800
2021-02-08,233.09506225585938,234.258270207897,231.4992415150819,233.74876347372876,22211900
2021-02-09,234.3447723388672,235.296485150231,232.04718094927526,232.51822598316113,23565000
2021-02-10,233.43153381347656,236.4116655813092,231.57614834749486,235.52723852750492,22186700
2021-02-11,235.0369415283203,235.67141186361138,232.7874051200119,235.31572239258884,15751100
2021-02-12,235.5176239013672,235.8156356029803,233.34499596529108,234.49859580039447,16561100
2021-02-16,234.27749633789062,236.61354960880325,233.52765570002188,235.55607452010733,26728500
2021-02-17,235.29885864257812,235.40484970887286,232.15769158186703,232.52384521135843,21653500
2021-02-18,234.9037628173828,235.03865918034367,232.08056939877278,232.98630842262475,16925600
2021-02-19,232.18658447265625,234.97124266251927,231.42537193657122,234.8652516018974,25262600
2021-02-22,225.96202087402344,229.25735887983205,223.9289305447046,228.76595385617136,36446900
2021-02-23,224.76727294921875,226.27040833152452,220.3927484877867,221.9344340967485,30228700
2021-02-24,226.00057983398438,226.62688124341818,220.6528761824911,221.62605606398395,26339700
2021-02-25,220.64328002929688,226.0391502353063,219.57373913394193,223.6206454640999,39542200
2021-02-26,223.90968322753906,226.79068741105286,221.17319091489034,223.0906601042904,37819200
2021-03-01,228.3035125732422,228.81419283713274,224.65165026813293,227.30141245732543,25324000
2021-03-02,225.3453826904297,228.65036608626744,224.94069354651947,228.37092841617996,22812500
2021-03-03,219.26539611816406,225.0659701891596,218.97632822975632,223.69773120014005,34029500
2021-03-04,218.46563720703125,224.01569334198643,216.08566807744373,218.47528211448403,44727800
2021-03-05,223.1581268310547,224.7672531409502,218.20548172968094,221.15394159707046,41872800
2021-03-08,219.1015625,224.86358550525085,218.85104487458958,222.93648613335145,35267400
2021-03-09,225.25865173339844,226.8003371621138,223.2255612417985,224.39146286887222,33080500
2021-03-10,223.9482421875,228.36130202469465,223.58208855958944,228.36130202469465,29746800
2021-03-11,228.48655700683594,230.45219202841787,225.76933965358188,226.39565581287494,29907600
2021-03-12,227.1568603515625,227.2243158933277,224.72871079226346,225.48027844351745,22653700
2021-03-15,226.2510986328125,226.61725221705547,223.3604495848346,226.3956399067722,26034900
2021-03-16,229.04542541503906,231.30975858381365,227.33993818218457,227.66754157982132,28092200
2021-03-17,228.3998260498047,229.85479558056207,224.72870385827406,227.54226736123874,29562100
2021-03-18,222.3102569580078,225.6537766309346,221.9344730464809,224.08318542764218,34833000
2021-03-19,221.95367431640625,223.9963949299284,220.9901246379371,222.5992508366684,46430700
2021-03-22,227.3881072998047,228.26492638484754,221.7513354679177,221.87660163832476,30127000
2021-03-23,228.920166015625,232.26368503825154,228.42876090462175,228.8334500612015,31638400
2021-03-24,226.87742614746094,229.32483599524002,226.7425297732149,229.18030941662,25620100
2021-03-25,223.87115478515625,228.3034897022799,223.12923203238185,226.72326863404157,34061900
2021-03-26,227.8602294921875,228.08185650959845,223.1099365169094,223.1099365169094,25479900
2021-03-29,226.66543579101562,228.1685709644326,223.4279082241939,227.96621905911806,25227500
2021-03-30,223.3990020751953,225.32610146009205,222.67633980585904,225.01775850125983,24792000
2021-03-31,227.17613220214844,230.38475468378886,223.91932929173933,224.42037928624902,43623500
2021-04-01,233.51626586914062,233.9883957926477,229.3729993926236,229.77768848531582,30338000
2021-04-05,239.99134826660156,240.8489069737812,233.85352623404805,233.9113368678305,36910600
2021-04-06,238.8254852294922,240.3093456462805,237.8812104188087,238.5845977480093,22931900
2021-04-07,240.79107666015625,241.7835317265148,238.17986507093792,238.77726121114534,22719800
2021-04-08,244.0189666748047,244.87652533779865,242.8145295243861,243.5564669257725,23625200
2021-04-09,246.5242156982422,246.6591120785743,243.2385074384209,243.6528267842257,24326800
2021-04-12,246.58201599121094,248.27787293295458,245.33902860071908,245.4257592507689,27148700
2021-04-13,249.0679473876953,249.7424439258147,247.46845139018006,247.8828001005576,23837500
2021-04-14,246.27371215820312,249.39560438328456,245.859392763928,248.09483555963993,23070900
2021-04-15,250.0412139892578,250.455533413762,248.335741150236,248.5284334986232,25627500
2021-04-16,251.23599243164062,251.48652481622034,248.2104610253268,250.01229464005777,24878600
2021-04-19,249.308837890625,251.94898404216053,248.42238864092639,250.70599670606254,23209300
2021-04-20,248.8463897705078,250.71567880262714,247.47813606666094,248.42242549073595,19722900
2021-04-21,251.081787109375,251.1781479677926,247.87317930102822,249.5015807711074,24030400
2021-04-22,247.79608154296875,252.23803140664782,246.32183702164951,250.72525136767766,25606200
2021-04-23,251.63104248046875,251.97793572411658,247.8924642828433,248.4802449938102,21462600
2021-04-26,252.0164794921875,252.87405306842194,250.68680525189995,252.12248527816766,19763300
2021-04-27,252.42117309570312,253.59670517141066,250.63859986706004,252.04537451332973,31014200
2021-04-28,245.28128051757812,247.18912006355254,243.7299644619193,246.74586590107018,46903100
2021-04-29,243.30593872070312,246.765093449427,239.92388443782954,246.1484222060443,40589000
2021-04-30,242.9879913330078,243.8551950096388,240.50204568676875,240.63694207611977,30945100
2021-05-03,242.6796417236328,245.07888590495,241.96660961246243,244.1635018762169,19626600
2021-05-04,238.75794982910156,242.05330241200812,236.80194530981967,241.82204521418655,32756100
2021-05-05,237.48609924316406,240.40565370108126,236.85979780995348,239.98168947440254,21901300
2021-05-06,240.62728881835938,240.75255499791135,235.77100426763195,237.46684663242817,26491100
2021-05-07,243.25778198242188,245.03071003481767,242.0147945427054,242.9590692028245,27032900
2021-05-10,238.1702117919922,242.55436594120278,238.11240116143676,241.72571259717046,29299900
2021-05-11,237.25485229492188,237.61137570239922,233.7282713620621,235.63609576214722,33641600
2021-05-12,230.28843688964844,235.4723402993621,229.39234249791417,233.34288845144533,36684400
2021-05-13,234.17149353027344,236.64782343406685,232.62017785153265,232.9863314597455,29624300
2021-05-14,239.10488891601562,240.09734408331312,236.54185749414458,236.6285734518454,23901100
2021-05-17,236.2431182861328,237.60172694867597,234.64363689109996,237.56319142820627,24970200
2021-05-18,234.21971130371094,237.42833423293297,234.04626467646952,237.29343783512505,20168000
2021-05-19,234.79916381835938,234.90539963544057,230.43387234833128,231.1195642014023,25739800
2021-05-20,238.04412841796875,239.46381831338093,235.51380358455043,235.6103869428777,21800700
2021-05-21,236.7789764404297,239.8308279648836,236.3637004017269,239.0968445135114,21863100
2021-05-24,242.19696044921875,242.56395952418902,239.03887328396996,239.3092890013529,21411500
2021-05-25,243.1048126220703,244.09955940034632,242.23562127253584,243.15310430516726,17704300
2021-05-26,242.88267517089844,244.28304548417626,242.16799661550857,242.8247163124464,17771600
2021-05-27,240.77728271484375,242.87301199859237,240.7193385919879,242.57362420613572,24426200
2021-05-28,241.13461303710938,243.45248109189532,241.01872479216328,242.40944267772443,18270200
2021-06-01,238.93264770507812,242.6895105857164,238.50771922855193,242.63156646330611,23213300
2021-06-02,238.83609008789062,240.73866745632938,237.42605251919264,239.6376848701333,19406700
2021-06-03,237.30055236816406,237.90898052201237,234.68329595796422,236.82731737156632,25307700
2021-06-04,242.20664978027344,243.03721667775164,239.03890969141557,239.28035338560628,25281100
2021-06-07,245.123291015625,245.3937067711973,241.26019195138838,241.42437189323203,23079200
2021-06-08,243.92575073242188,247.24801843527007,243.86779186514087,246.4271039524945,22455000
2021-06-09,244.9107666015625,246.78437160174016,244.54378229041396,245.1232381832249,17937600
2021-06-10,248.43588256835938,248.64835418827238,244.98807443895856,245.5868500569572,24563600
2021-06-11,249.06369018554688,249.64313151699406,247.827470083501,249.16024409204843,18999700
2021-06-14,250.9951629638672,251.053107079254,248.01089365594376,249.07325155986953,19150500
2021-06-15,249.5175323486328,251.09174979380785,248.86081263932797,250.87927818513813,18038900
2021-06-16,248.57110595703125,251.66156742450917,245.71240625795707,250.52196031099743,27220000
2021-06-17,251.9706268310547,252.79154126464425,247.2480036211231,247.30594774837823,27565500
2021-06-18,250.55093383789062,253.32270262724634,249.89421408793928,250.74410057522036,37202200
2021-06-21,253.64141845703125,254.50094262852164,249.09262779573734,250.9275938620824,26696100
2021-06-22,256.42279052734375,256.69320620167156,253.4192165812868,253.728271487118,24694100
2021-06-23,256.19097900390625,257.69758479548426,255.37973199867943,256.88633779025747,19518700
2021-06-24,257.5624694824219,258.68277172504975,256.3842231128569,257.0506100457399,21446900
2021-06-25,255.94960021972656,258.1032884096647,255.6985188395987,257.11820882661345,25611100
2021-06-28,259.5230407714844,259.69687318560744,256.8092155718196,257.07963137371496,19590000
2021-06-29,262.1112976074219,262.35274132840755,258.8083640092798,259.66788832997133,19937800
2021-06-30,261.6283874511719,262.07263560674545,260.3728920002913,261.4255829956221,21656500
2021-07-01,262.3044128417969,262.5361893370135,260.3728634533788,260.3825011586097,16725300
2021-07-02,268.1473083496094,268.485335349886,263.1735751181436,263.48263005971666,26458000
2021-07-06,268.1570739746094,269.80854087321734,264.91205484296137,268.51440598750753,31565600
2021-07-07,270.3493347167969,271.0833330016929,267.6644819315975,269.83747524788464,23260000
2021-07-08,267.9252624511719,269.1904251024168,265.46251898624683,267.4230406840095,24618600
2021-07-09,268.42742919921875,268.53365027178893,265.89710413753784,266.2834081325927,23916700
2021-07-12,267.8287353515625,270.1948664643227,267.1140417957607,269.605757849808,18931700
2021-07-13,271.36334228515625,273.16933596874827,267.89621520511326,268.02174113856876,26120100
2021-07-14,272.84100341796875,273.95163836113994,270.94806389988065,272.68647593854706,23113700
2021-07-15,271.4116516113281,272.8410087189218,270.2527102297004,272.3484542107645,22604200
2021-07-16,271.1412658691406,274.3766172336164,269.89540816708495,272.4160956352856,26186800
2021-07-19,267.52923583984375,270.77422440288206,265.056855180452,269.3835065978364,32935600
2021-07-20,269.7601623535156,271.3536845134993,266.8048945010074,268.5143048947206,26259700
2021-07-21,271.7690124511719,271.8849007070508,267.79969232178405,269.3545755433379,24364300
2021-07-22,276.3468017578125,276.6172175095201,273.7198932527501,274.1255021437583,23384100
2021-07-23,279.7560119628906,280.06503751333383,276.6944927399731,277.53471213835513,22768100
2021-07-26,279.15716552734375,279.77527548305756,276.8296744343283,279.10888858153703,23176100
2021-07-27,276.7330627441406,279.66899631395427,273.26593545929944,279.5241360182565,33604100
2021-07-28,276.424072265625,280.2195602635999,274.1158562811447,279.0992579270903,33566900
2021-07-29,276.6944885253906,278.7419264472982,276.288850129018,276.4433776384405,18168300
2021-07-30,275.1589050292969,276.8490109491029,274.1931302179792,275.4100159116341,20944800
2021-08-02,275.0719299316406,276.95517272658464,274.02887685382683,276.55920160196104,16267400
2021-08-03,277.2932434082031,277.399493957448,274.2800308832114,275.6514440057943,17879000
2021-08-04,276.7041320800781,277.74715583824053,274.9077757253848,276.42404915109404,16191300
2021-08-05,279.611083984375,279.71733452870075,276.30815097455206,277.0614540709244,13900200
2021-08-06,279.55316162109375,279.5918008650478,277.7761395496052,278.6356932572146,16589300
2021-08-09,278.4618835449219,281.5716801206908,277.9596911719012,279.83329696760063,16117600
2021-08-10,276.6365051269531,279.3503296535524,275.4389539402985,278.91571925292214,18616600
2021-08-11,277.1290588378906,278.7805253038503,276.0763384903963,277.3801402153559,13955900
2021-08-12,279.8912048339844,280.0457323456055,276.5399649505444,276.82004790742695,14561300
2021-08-13,282.82720947265625,282.8754864325278,279.398690601484,279.5725524978713,18249000
2021-08-16,284.51727294921875,284.72974459233865,280.09400768966105,283.1555268919196,22507600
2021-08-17,283.0491943359375,283.38722132567307,281.1176452209921,282.3828370065338,20075300
2021-08-18,281.31719970703125,285.2747764039946,280.87207162165635,282.58478416986804,21813000
2021-08-19,287.16168212890625,287.83903054796286,279.2949260524418,279.34329542686044,29850500
2021-08-20,294.50592041015625,295.9380140450742,288.40990321723297,290.0161620223418,40817600
2021-08-23,294.78656005859375,295.51227784777274,292.0772254574719,293.4318927580328,22830200
2021-08-24,292.822265625,295.75416411720346,292.22234368388376,295.14455649009165,18175800
2021-08-25,292.2320251464844,294.7284811462343,290.693507101477,294.4478620221924,20006100
2021-08-26,289.40655517578125,292.6384146370942,289.27110321955627,291.2450342127576,17666100
2021-08-27,290.01617431640625,291.12893565694833,287.2197276707217,289.3097983902033,22605700
2021-08-30,293.7607727050781,294.37038014740307,291.31268678224035,291.370741821555,16348100
2021-08-31,292.106201171875,294.64137014097446,291.73849949919145,294.56397325018554,26285300
2021-09-01,292.0578308105469,295.3090616023399,291.72884231587955,293.06416766628405,18983800
2021-09-02,291.3998718261719,293.538311938404,290.4612756544539,292.41589443055443,16285600
2021-09-03,291.39013671875,292.8028586720251,290.53862336734346,291.24496957921906,14747900
2021-09-07,290.4612731933594,291.34181429788396,288.5453971793564,291.264417395407,17180400
2021-09-08,290.4902038574219,290.87724729980795,287.8389252710793,290.0741328950949,15046800
2021-09-09,287.62615966796875,292.35785397932347,287.38425373048517,291.0805835423222,19927000
2021-09-10,286.13592529296875,290.2096413237398,285.8166225439312,288.7582061327018,19633400
2021-09-13,287.3745422363281,288.8743766317561,284.5587538333427,287.9164091252672,23652900
2021-09-14,290.0838623046875,291.6320658371256,288.44857619930013,289.86129826524393,21853400
2021-09-15,294.9510498046875,295.4348616325164,292.0481788377142,293.4415592642238,28356300
2021-09-16,295.3380432128906,295.4251257835696,291.0224507097095,293.92532118377784,19550800
2021-09-17,290.16131591796875,294.64141840030777,289.83232740155825,294.322115570405,41372500
2021-09-20,284.7716064453125,289.0485156418267,280.14636693580707,286.73588112231,38278700
2021-09-21,285.2554016113281,287.90671013366995,284.54905534130063,286.116600717477,22364100
2021-09-22,288.9130554199219,290.4999723745813,284.9748496205517,287.1229752972674,26626300
2021-09-23,289.86126708984375,291.15787891906757,287.8969927436246,289.1742627352264,18604600
2021-09-24,289.6581726074219,290.0935855729012,287.316510162556,288.5744387428514,14999000
2021-09-27,284.6457824707031,286.87130443119855,283.455595083582,286.5520017090316,23571700
2021-09-28,274.3406677246094,281.36562541354573,273.59560808741685,280.41734353295584,43186200
2021-09-29,274.80517578125,277.4854832383424,273.8472376109009,275.8695679313805,26353700
2021-09-30,272.7925109863281,278.51114158071726,272.50220613254754,276.4597838772863,32343600
2021-10-01,279.739990234375,280.59150373187396,272.1828522383653,272.9859668378756,30086300
2021-10-04,273.9439392089844,278.43372747696765,271.1765495236149,278.0950532665713,31350700
2021-10-05,279.4110412597656,280.9979288416882,274.8535121725335,274.8535121725335,24993000
2021-10-06,283.62017822265625,284.1233614627478,276.2662614750365,276.52750925233056,28002600
2021-10-07,285.3038330078125,287.0358875725448,284.40395011964176,285.62313581249157,20430500
2021-10-08,285.3038330078125,287.0358875725448,284.2491267954087,286.6294726552418,17685700
2021-10-11,284.703857421875,288.3227596639586,283.2717640897847,283.436273068754,19298600
2021-10-12,283.3975524902344,285.874666087582,282.88471325788174,285.7778978395012,17974100
2021-10-13,286.716552734375,287.65514882778945,283.9878470364655,285.3618855710783,23416300
2021-10-14,292.9480285644531,293.4511821777656,288.1873077249307,289.5226329431941,27262900
2021-10-15,294.36083984375,294.5930896452339,290.79030551487267,292.55138798923946,25384800
2021-10-18,297.341064453125,298.2312616290106,292.8899899851107,293.74150347823866,22729300
2021-10-19,298.2505798339844,299.28591445947495,297.2732707222866,298.3666899206171,17682100
2021-10-20,297.4571838378906,299.6730502203194,296.1992554003437,299.19889456122667,16537100
2021-10-21,300.69873046875,300.9502925339426,296.44116284819944,297.2249651602557,16918100
2021-10-22,299.1505126953125,301.01801913734624,297.83452925726135,300.35035649773357,17449300
2021-10-25,298.1538391113281,299.3827103476736,296.53789484444036,299.3439971387141,17554500
2021-10-26,300.0697326660156,302.2855989210109,298.6086411478596,300.9309318219303,28107300
2021-10-27,312.7069396972656,315.5420698297333,305.769065317171,305.769065317171,52588700
2021-10-28,313.8487548828125,314.35190857919804,310.95553992238246,313.82938350979595,26297900
2021-10-29,320.8833312988281,321.25103298902206,313.4132759770589,313.63584003415747,34766000
2021-11-01,318.7062072753906,320.7575647556031,315.8033362306678,320.6317689522734,27073200
2021-11-02,322.3444519042969,322.6540985408013,319.31578533683205,319.615746287968,26487100
2021-11-03,323.1862487792969,324.05710402279703,319.9447041506054,323.08948052345784,21500100
2021-11-04,325.54730224609375,325.64407051672566,318.8416774576779,322.1122501101373,23992200
2021-11-05,325.1795959472656,327.8212190976407,323.5927085435073,327.5502856614122,22570100
2021-11-08,326.0794677734375,326.718102893488,323.61203940329,326.3794287273133,20897000
2021-11-09,325.0731506347656,327.7534572970053,323.6991121703383,326.19556799164343,21307400
2021-11-10,320.08978271484375,323.79579657010873,319.2382989973208,323.73774153322125,25500900
2021-11-11,321.6671142578125,322.9637263705038,319.80929343616174,320.52532546851364,16849800
2021-11-12,325.8182067871094,326.3117042528894,322.9830768391955,323.1088726269063,23831000
2021-11-15,325.1892395019531,326.94063568950895,323.2152792768723,326.6116472402498,16723000
2021-11-16,328.5179138183594,329.6403607923408,324.64741923064287,324.81189871408384,20886800
2021-11-17,328.7408752441406,331.7169218037687,327.65515874144324,328.56639143125483,19053400
2021-11-18,330.8250427246094,331.96895000015803,326.80206399132175,327.8296191496973,22463500
2021-11-19,332.60870361328125,334.53781745644864,331.7265812593797,332.15311691229243,21963400
2021-11-22,329.4291076660156,338.96796943364063,329.15767856424117,334.07251261265543,31031100
2021-11-23,327.34490966796875,329.060755723805,323.35101172103555,326.73418680630175,30427600
2021-11-24,327.56787109375,327.8102195501021,323.69029579211673,325.98775442496617,21661300
2021-11-26,319.58978271484375,327.5872826116313,318.07753055559016,324.1168653701531,24217200
2021-11-29,326.3270263671875,328.6535654759392,324.4948579595325,324.68874854507425,28563500
2021-11-30,320.4719543457031,327.44189947311935,318.9209180510821,325.0571985504791,42885600
2021-12-01,319.9775085449219,328.89594378590317,319.30865400622315,324.8729652307251,33337600
2021-12-02,319.40557861328125,323.28315411578535,317.76730059678897,320.1907852858541,30766000
2021-12-03,313.1238708496094,322.5172982396673,308.29627953736457,321.8290074073562,41779300
2021-12-06,316.20654296875,317.42798853456475,309.45957089532595,314.0351104815673,30032600
2021-12-07,324.66937255859375,325.5224142210023,319.9968875145801,321.4897621950075,31021900
2021-12-08,324.7178955078125,325.2316731225476,320.6755096835337,325.0474859037222,24761000
2021-12-09,322.905029296875,326.19125837232843,321.9550128740197,324.17493260604846,22214200
2021-12-10,332.0562438964844,332.5021568730343,324.54344006043186,324.7276272953552,38095700
2021-12-13,329.0122985839844,333.2679521970493,328.70208542193865,330.2531216486118,28899400
2021-12-14,318.29071044921875,324.3979082511079,314.19016462153087,323.02135623855355,44438700
2021-12-15,324.4076843261719,324.93116535043464,314.56834150251177,318.55253649678184,35381100
2021-12-16,314.9560241699219,326.45304945434475,313.13355918243616,325.43516826441515,35034800
2021-12-17,313.8897705078125,314.975516655784,307.54025153723586,311.05915654824156,47750300
2021-12-20,310.1187744140625,312.92030711538064,307.8503964698501,310.2544741627499,28326500
2021-12-21,317.2729187011719,317.6994543581608,310.01213871076055,313.39534333476564,24740600
2021-12-22,323.001953125,323.39937845981694,315.7799591108431,318.2519009097589,24831500
2021-12-23,324.4464416503906,326.09442308787044,322.54643791969477,322.5658151473103,19617800
2021-12-27,331.9689636230469,331.99804425764506,325.1637992915189,325.1928799261171,19947000
2021-12-28,330.8056640625,333.287310047464,329.9041348473056,332.6475065317783,15661500
2021-12-29,331.4842224121094,333.762274179864,329.28367954819765,330.8540927739974,15042000
2021-12-30,328.9347229003906,332.62811104177933,328.4500259833207,331.4454493807866,15994500
2021-12-31,326.0265197753906,328.973455535573,325.57090352022,328.14949449804215,18000800
2022-01-03,324.504638671875,327.65516914441747,319.6867493505216,325.08628098351727,28865100
2022-01-04,318.94024658203125,324.94079625044975,316.1386844494537,324.5820957134117,32674300
2022-01-05,306.69683837890625,316.09026737820085,306.3090867462832,315.8866733646423,40054300
2022-01-06,304.2733459472656,308.9458313978056,301.9564804488897,303.56567778767305,39646100
2022-01-07,304.4284973144531,306.8131982496803,300.59937921535504,304.53511645338995,32720000
2022-01-10,304.65142822265625,305.08766733673764,295.3646471311674,300.01772629144193,44289500
2022-01-11,305.33966064453125,306.9197476411043,300.4054499000885,303.78862469419647,29386800
2022-01-12,308.52899169921875,313.5116906389341,307.37541056986225,309.8861668515591,34372200
2022-01-13,295.4712829589844,311.0591552352973,294.69577958297845,310.6617001404381,45366000
2022-01-14,300.7060241699219,301.3070437036342,294.45342117089507,294.9381181604768,39846400
2022-01-18,293.3870849609375,300.31824606809926,292.5049328805996,294.7636374425836,42333200
2022-01-19,294.0462951660156,304.30250116535393,293.4356017418671,296.9157229614842,45933900
2022-01-20,292.3692321777344,302.11162990639156,291.923319227443,299.61060643856285,35380700
2022-01-21,286.9697265625,294.8024176641895,286.56256803462605,293.42589464580857,57984400
2022-01-24,287.29925537109375,288.0165973652918,267.60116491131276,283.2568995161282,85731500
2022-01-25,279.66046142578125,285.9615223318833,276.4420958772445,282.5977240186681,72848600
2022-01-26,287.6287841796875,299.0579436987643,284.0614226158442,298.5635434661092,90428900
2022-01-27,290.6630554199219,297.8947254313369,288.81150957189453,293.3967532426776,53481300
2022-01-28,298.8253479003906,299.0386157237619,285.4380216361503,291.0411167226666,49743700
2022-01-31,301.4621276855469,302.81927323790046,296.99320639325083,299.49425923874566,46444500
2022-02-01,299.3100891113281,301.1228510865205,295.7911842966343,300.90958323158276,40950400
2022-02-02,303.86614990234375,305.47534704194504,299.4263396418428,300.15338493833775,36636000
2022-02-03,292.0299377441406,301.7045003566659,290.7794112211101,300.0177347073169,43730000
2022-02-04,296.57635498046875,299.34880717402064,290.78907254882864,291.02171760463654,35096500
2022-02-07,291.7391052246094,298.41821379352973,290.72122388231634,296.7993425518359,28533300
2022-02-08,295.238525390625,296.2079190331168,290.7696348988399,292.0298348006608,32421200
2022-02-09,301.6850891113281,302.3830539530496,297.98202662954105,300.38610474159356,31284700
2022-02-10,293.12530517578125,299.6590099923369,291.49673067406343,294.734502451366,45386200
2022-02-11,286.010009765625,294.9769041315097,285.21509959746055,293.9105648307472,39175600
2022-02-14,285.97113037109375,287.67727268343253,282.43284942049974,284.7787655164188,36359500
2022-02-15,291.27386474609375,291.5937518024642,287.92944305713763,290.8279517154203,27058300
2022-02-16,290.9338073730469,292.2646183764721,285.2802618312306,289.83612248855013,29982100
2022-02-17,282.4146728515625,288.31103872121673,281.7055413340337,287.88362104554557,32461600
2022-02-18,279.6947326660156,285.45511803174475,278.1210720097872,284.66828770363054,34264000
2022-02-22,279.49066162109375,283.2014094659207,276.3627585633404,276.84845761178207,41736100
2022-02-23,272.2538146972656,283.3569207680284,272.088693572859,281.88037625017427,37811200
2022-02-24,286.1641540527344,286.71785806769293,263.7539934498833,264.7156976981578,56989700
2022-02-25,288.80645751953125,289.1173121239739,283.30833898794964,286.69853958099424,32546700
2022-02-28,290.2441101074219,290.58410544575923,284.61970557723305,285.892234995096,34627500
2022-03-01,286.51397705078125,291.39038646773963,283.79404367642127,287.9224869789125,31217800
2022-03-02,291.6041259765625,292.8475149044159,285.2997590272976,286.9122544935651,31873000
2022-03-03,287.4561767578125,294.4599496832263,285.6396371693534,294.2268235947487,27314500
2022-03-04,281.5694885253906,287.2036162824794,278.9564544502619,285.8728053947299,32356500
2022-03-07,270.93267822265625,281.4043497373508,270.5635421598178,280.27752425674123,43157200
2022-03-08,267.960205078125,275.83823041762696,262.27751955874135,269.8544138214388,48159500
2022-03-09,280.2484130859375,281.3169571583642,272.74921692953006,275.3331399974986,35204500
2022-03-10,277.4216003417969,278.4027219816775,272.55488601450895,274.925099925405,30628000
2022-03-11,272.0595397949219,281.2295424824958,271.43783062877634,279.72385727089465,27209300
2022-03-14,268.5333251953125,277.2370449099139,267.93106304456427,272.32177230866523,30660700
2022-03-15,278.93701171875,279.5878616136347,270.75785475687104,272.3315152360356,34245100
2022-03-16,285.969970703125,286.1448152890781,275.10002093883594,280.8409590240361,37826300
2022-03-17,286.7762145996094,287.1550445309803,281.09352847125103,284.9014229476991,30816600
2022-03-18,291.837158203125,292.3908622996214,284.3574097450835,286.92188561378543,43390600
2022-03-21,290.603515625,291.5554966200923,286.4653494285398,290.3412487591332,28351200
2022-03-22,295.3633117675781,296.27642837743355,290.22460738142877,291.22514626524253,27599700
2022-03-23,290.9241027832031,294.55715302572054,289.20473825507435,291.914948142402,25715400
2022-03-24,295.40228271484375,295.4994284914666,289.7876007048996,290.58415457058635,24484500
2022-03-25,294.9942626953125,296.7622149202099,290.7298390811115,296.49994802102367,22566500
2022-03-28,301.8134765625,301.91059268087037,295.6256442255647,295.6256442255647,29578200
2022-03-29,306.3887939453125,306.7870708740349,300.21068428171867,304.9316962452335,30393400
2022-03-30,304.8830871582031,306.91333589865695,302.6682999951618,304.78597103412335,28163600
2022-03-31,299.4918212890625,306.1264885845464,299.083850585326,304.9219344786806,33422100
2022-04-01,300.5700988769531,301.2597834241502,296.8010684307619,300.5215111712641,27110500
2022-04-04,305.9613037109375,306.0972840487811,300.8517395010584,301.22087557405337,24289600
2022-04-05,301.98834228515625,305.86421245270554,301.0072204052596,304.30996906857746,23156700
2022-04-06,290.9338073730469,298.21929503681264,288.2235976616029,296.46106638553516,40110400
2022-04-07,292.75030517578125,294.96509214612985,287.87389631112285,288.17502741691453,31411200
2022-04-08,288.47613525390625,292.50743200328867,287.80586809966695,291.8468883177177,24361900
2022-04-11,277.10107421875,284.2408276388605,276.84850118749597,283.444303604029,34569300
2022-04-12,273.99261474609375,282.42434526371244,272.46751223011626,280.96724774660083,30966700
2022-04-13,279.3935241699219,280.32605807007025,273.25428090078213,274.6434027505152,21907200
2022-04-14,271.8263244628906,280.0637912406808,271.3309315772067,279.8500824672444,28221600
2022-04-18,272.49664306640625,274.3811581581207,270.3790018667597,270.9327060178222,20778000
2022-04-19,277.13995361328125,277.9850951288017,270.44703400541835,271.38929164584124,22297700
2022-04-20,278.1695861816406,281.4140823953161,277.20791140895244,281.1226451360591,22906700
2022-04-21,272.7783203125,284.9110740836382,272.0497716781456,280.3260734923124,29454600
2022-04-22,266.1922607421875,275.0999957209801,265.5608578098642,273.6234514112398,29405800
2022-04-25,272.6909484863281,273.0697784310283,263.0255229577328,265.4734657946964,35678900
2022-04-26,262.49127197265625,270.3984393869639,262.2775631428249,269.56305100790337,46518400
2022-04-27,275.1194763183594,282.64781447342403,271.1756008951554,274.03151477330016,63477700
2022-04-28,281.3460998535156,282.6574935130097,273.4097625442166,277.03308894590896,33646600
2022-04-29,269.5824279785156,281.5889255994555,268.5916124491754,280.3552308662172,37073900
2022-05-02,276.3336181640625,276.79017645597764,268.3195838543962,269.7669575343173,35151100
2022-05-03,273.7206115722656,276.0034035044094,272.13722760135903,275.83825274986134,25978600
2022-05-04,281.68609619140625,282.5603487525896,268.81506842007445,274.5074483596638,33599300
2022-05-05,269.4172668457031,278.1598496769663,266.4933491013823,277.37301959372996,43260400
2022-05-06,266.872314453125,271.26302490026774,263.5112543760467,266.95001328766097,37780300
2022-05-09,257.0125732421875,264.570051538234,255.7886314279648,262.3358470968672,47726000
2022-05-10,261.79180908203125,265.9202513402822,257.4885222663989,263.9191734643311,39336400
2022-05-11,253.09783935546875,263.59865360878575,251.88359136461594,258.0811178530849,48975900
2022-05-12,248.0465545654297,252.44698754969474,242.8689999994643,250.3196229634551,51033800
2022-05-13,253.65151977539062,255.51661755817597,248.04656224715404,249.98935885039046,34925100
2022-05-16,254.0207061767578,258.2171547855028,248.46430560538144,252.52474419549856,32550900
2022-05-17,259.18853759765625,260.6553290764096,254.9532250048792,258.49882336445273,28828800
2022-05-18,247.38775634765625,256.65701201678286,246.11226298137035,256.07280955033957,31356000
2022-05-19,246.4724884033203,250.8831853898143,245.24568117323753,247.21246524508516,32692300
2022-05-20,245.9077911376953,251.7302939364053,239.9489912660256,250.46451695558721,39199300
2022-05-23,253.7847137451172,254.61233147277377,246.75488068951682,248.76063467153455,33175400
2022-05-24,252.7818145751953,254.44676623936746,246.8230151760362,251.09740039179286,29043900
2022-05-25,255.60545349121094,257.61119260514835,250.35743659445953,251.34084363002697,28547900
2022-05-26,258.8964538574219,260.07457534711045,254.54418800054896,255.36205967458054,25002100
2022-05-27,266.0430603027344,266.1404323228601,260.5126742393116,261.40845522519186,26910800
2022-05-31,264.70916748046875,267.5327779701292,261.84660223740195,265.35178719970526,37827700
2022-06-01,265.2446594238281,270.37584058599896,262.9273422171167,267.95143496551884,25292200
2022-06-02,267.3477478027344,267.41591118453516,254.7096506560201,257.48458965470934,44008200
2022-06-03,262.9078369140625,266.24751551202553,261.34025753674024,263.1902068212331,28059000
2022-06-06,261.6713562011719,266.9583275412058,260.18165627348907,264.89417127160834,22400300
2022-06-07,265.3224792480469,265.9358901010604,258.93526891370846,259.6168431312256,22860700
2022-06-08,263.2876281738281,265.8094061537368,262.5086816828443,264.5533753652425,17372300
2022-06-09,257.815673828125,265.52705139070684,257.65988452101186,260.72691036326086,26439700
2022-06-10,246.32643127441406,253.71649772787293,245.87854080550682,253.71649772787293,31422800
2022-06-13,235.87908935546875,242.4610466893475,235.16832104311976,238.65402892286738,46135800
2022-06-14,238.05032348632812,239.2673994308343,235.14880373766889,237.43691245609412,28651500
2022-06-15,245.1288299560547,248.57559739959135,239.92948501310266,241.7697032729962,33111700
2022-06-16,238.5177001953125,240.90316631225872,236.61906450455473,239.50109230773435,33169200
2022-06-17,241.12709045410156,243.90202966853337,237.60244312287517,238.2547940740926,43084800
2022-06-21,247.0566864013672,248.04007841973456,242.93809069276986,243.66833626220972,29928300
2022-06-22,246.46278381347656,250.3963820965906,243.77547027076463,245.2554389713244,25939900
2022-06-23,252.04177856445312,252.53835499838434,246.94955244301968,248.8384564583983,25861400
2022-06-24,260.6490173339844,260.9216411791488,254.8265148455369,254.9141407550072,33923200
2022-06-27,257.9130554199219,261.23321300975465,256.34544588720416,261.14558709258756,24615100
2022-06-28,249.72454833984375,259.8798239893219,249.5687590364227,257.0270047977416,27295500
2022-06-29,253.4049530029297,255.06990454388946,249.02346482811242,250.80526576023144,20069800
2022-06-30,250.06529235839844,252.69418842670288,246.23881251252155,250.27949892480672,31730900
2022-07-01,252.7428741455078,252.92787208687378,247.90379331703537,249.63692332426703,22837700
2022-07-05,255.92672729492188,256.05330794326875,248.0303382275018,249.41293467301924,22941000
2022-07-06,259.1982116699219,260.93132656108946,255.488566707851,256.8030146211772,23824400
2022-07-07,261.3305358886719,261.9731555407947,258.03955784314934,258.1369298596105,20859900
2022-07-08,260.6100769042969,261.03849007221163,256.35518357701693,257.8156749093339,19658800
2022-07-11,257.5429992675781,259.50978316936533,255.27435321446737,258.65295700580936,19455200
2022-07-12,246.988525390625,258.93534718140467,245.40145358358674,258.8769299123895,35868500
2022-07-13,246.06358337402344,246.87172370233074,241.5750060391852,243.60022249020474,29497400
2022-07-14,247.38775634765625,248.41983449573837,239.46215743721774,243.97021203255457,25102800
2022-07-15,249.9582061767578,253.51206221673579,248.05957055462045,248.98454535957097,29774100
2022-07-18,247.55325317382812,253.96967414471678,246.6282784047325,252.90838746077426,20975000
2022-07-19,252.69419860839844,252.87919654655826,246.99827670674873,250.79554806992488,25012600
2022-07-20,255.3620147705078,257.8935388671316,252.0905286496552,253.054443361376,22788300
2022-07-21,257.86431884765625,257.9130197151892,250.26003049054867,252.94734376674188,22404700
2022-07-22,253.5023193359375,258.3414148476746,252.24631825964894,258.2537889386617,21881300
2022-07-25,252.0126190185547,254.61230650318151,250.0458348430974,254.1254760892175,21056000
2022-07-26,245.26513671875,253.0349601923591,242.99652024774517,253.01546796056851,39348000
2022-07-27,261.6615295410156,262.9370224982703,252.03204204806707,254.28119556589857,45994000
2022-07-28,269.1295166015625,270.5218440588829,260.814447172029,262.6449337630223,33459300
2022-07-29,273.345458984375,274.57228081129756,269.3437283032419,270.3855522447154,32152800
2022-08-01,270.6874694824219,273.87132984806976,268.5746123087126,270.50247153899136,21539600
2022-08-02,267.5814208984375,270.57056615747945,265.2056865891924,268.7303333080889,22754200
2022-08-03,275.0299987792969,276.03286832929683,269.3243303884183,269.4704032961188,23518900
2022-08-04,276.17889404296875,276.3249372276528,272.7905733032149,274.3776155284762,18098700
2022-08-05,275.4583740234375,276.1788734901075,271.33977823922174,271.7973999930235,16774600
2022-08-08,272.9366455078125,278.38915278799755,271.9629845547,276.5683818461068,18739200
2022-08-09,274.86444091796875,275.62389517818417,270.2979692399521,272.2745292536275,23405200
2022-08-10,281.5437316894531,282.17660520195113,279.3822037460441,280.57981710447564,24687800
2022-08-11,279.4601135253906,283.53975467502244,278.9635667202551,283.18925104786797,20065900
2022-08-12,284.2213439941406,284.2213439941406,279.382248352061,280.8816943899118,22619700
2022-08-15,285.7402038574219,286.4314946274058,282.4686884881546,283.3352607647853,18085700
2022-08-16,285.000244140625,286.29522964293864,282.77058230494487,284.29920717683063,18102900
2022-08-17,284.2489013671875,286.22962671486226,282.44379979769025,282.7072354649564,18253400
2022-08-18,283.1268615722656,284.8246178924502,282.0632923944146,283.146365402589,17186200
2022-08-19,279.2044677734375,282.2292295161884,278.62879201938307,281.88771887514713,20570000
2022-08-22,271.0083312988281,275.6039997944986,270.4911968802227,275.23321855533953,25061100
2022-08-23,269.73004150390625,272.0912847575253,268.71527683342174,269.73004150390625,17527400
2022-08-24,269.0958557128906,270.50090548696807,268.4323384807504,268.7250745535041,18137000
2022-08-25,272.0816345214844,272.2474915307141,267.8567175355643,270.5985095814994,16583400
2022-08-26,261.5827941894531,273.5354566259213,261.47547845229536,272.306030389581,27549300
2022-08-29,258.7922668457031,260.9095792653927,257.44575786448684,259.3972132513287,20338500
2022-08-30,256.5870666503906,260.5680218228097,254.33313846551115,260.1972703784425,22767100
2022-08-31,255.12347412109375,260.62656181274116,254.98685797633354,258.94833907545143,24791800
2022-09-01,254.07940673828125,254.5575334082657,249.21053658429875,252.58654502067085,23263400
2022-09-02,249.8447723388672,258.3140795897483,248.29336924253226,255.34788953507936,22855400
2022-09-06,247.10299682617188,251.57181580911544,245.82479614477606,249.98140494870378,21328200
2022-09-07,251.82550048828125,252.54752929130373,247.07371244859434,248.51778494305904,24126700
2022-09-08,252.24508666992188,254.10872994612194,248.60562691610852,251.25962204906065,20319900
2022-09-09,258.0408935546875,258.7922228079521,253.97212644052357,254.1770208837589,22084700
2022-09-12,260.1777648925781,260.9583648576095,258.72394026192035,259.32888662429224,18747700
2022-09-13,245.87359619140625,254.0794537555011,245.4832962296118,252.55732112555575,33353300
2022-09-14,246.0979766845703,248.0591834837352,243.79525932523745,247.37617725181852,23913000
2022-09-15,239.42401123046875,245.29787987720312,238.09702127641052,243.7074542260417,31530900
2022-09-16,238.79954528808594,239.34595028666865,236.1845879383292,238.3311853849411,39791800
2022-09-19,238.5849151611328,239.18986150437627,235.0039966821536,236.58467061820082,26826900
2022-09-20,236.5651092529297,237.5993779327107,233.8233175935505,236.1943429586275,26660300
2022-09-21,233.15011596679688,241.64871023901017,233.101326607245,238.34099414393484,28625600
2022-09-22,235.13079833984375,237.9408981793507,231.8035790277941,232.09628535405986,31061200
2022-09-23,232.1450958251953,235.27718779697258,229.4911157105166,233.72576968451835,34176000
2022-09-26,231.6864776611328,235.58938742131502,231.1498245914239,231.29619264048225,27694200
2022-09-27,230.67173767089844,235.9309082051213,228.80809460642703,234.15507704083888,27018700
2022-09-28,235.21864318847656,236.44805451845707,229.03251932295336,231.06203437528512,29029700
2022-09-29,231.7352752685547,234.12580460416743,228.7202809445972,233.0915358630107,27484200
2022-09-30,227.2469482421875,234.70150638460396,227.0810763396028,232.50611932172504,35694800
2022-10-03,234.8966522216797,235.7455304131457,228.96422702009855,229.6960226716163,28880400
2022-10-04,242.8390655517578,244.2831380864936,239.03371935950005,239.14104998029651,34888400
2022-10-05,243.1512908935547,244.49779961267382,238.17508955877648,240.01921394484737,20347100
2022-10-06,240.79978942871094,244.2636251213658,240.10703122323224,241.91211821206613,20239900
2022-10-07,228.55441284179688,235.46256526438881,227.51037728003038,235.05274661637694,37769600
2022-10-10,223.68553161621094,228.86664231097572,221.22669412281707,227.39329913104484,29743600
2022-10-11,219.938720703125,223.50011982084274,218.6702720829725,222.09506995780728,30474000
2022-10-12,220.27047729492188,222.32926286096713,218.52393166705397,219.92896672359288,21903900
2022-10-13,228.55441284179688,230.36926657051526,213.81116985788702,214.51369484245026,42551800
2022-10-14,223.0122528076172,231.481574406119,222.7975915879221,229.822825910581,30198600
2022-10-17,231.76455688476562,233.15985498185077,229.43256870498456,230.09607116127958,28142300
2022-10-18,232.71102905273438,238.00922269353043,229.65699694699273,237.33598316606697,26329600
2022-10-19,230.7400360107422,233.7940678630011,228.60319039452398,231.2864410309145,19985700
2022-10-20,230.41802978515625,235.4527869659191,229.16909984877745,230.0472634808189,21811000
2022-10-21,236.2431182861328,237.1017631804631,228.80808010624938,229.04226004699913,26299700
2022-10-24,241.24862670898438,241.824302366333,235.44305100550176,237.84333234120828,24911200
2022-10-25,244.57583618164062,244.94660247334292,239.863071004387,241.25835405434768,34775500
2022-10-26,225.70529174804688,232.51586550821546,224.47586557326218,225.55892369044773,82543200
2022-10-27,221.24620056152344,228.0177514856638,220.2997437384998,225.4320647952228,40424600
2022-10-28,230.1448516845703,230.85714351335133,220.56321491759144,220.7486055336188,40647700
2022-10-31,226.4956512451172,229.21792468250058,225.5394274829723,228.08607709981163,28357300
2022-11-01,222.63172912597656,230.017993023999,221.81212164618157,228.90566433330028,30592300
2022-11-02,214.7576446533203,225.68579048716293,214.69908849269902,223.89045532706174,38407000
2022-11-03,209.0496063232422,215.0600909930844,208.7861557427822,214.74785106240304,36633900
2022-11-04,216.01629638671875,216.21143889616826,208.24949944790723,212.26950660697912,36789100
2022-11-07,222.33901977539062,222.86592096080787,215.90897914921476,216.60175222236109,33498000
2022-11-08,223.3147430419922,226.02726423874347,220.3582899758322,223.14887115740464,28192500
2022-11-09,219.06057739257812,223.08058484840367,218.88495358763487,221.85115866012015,27852900
2022-11-10,237.08229064941406,237.42380126848497,229.29598848576202,229.71554421186798,46268000
2022-11-11,241.1120147705078,241.97065970506623,236.05773875356564,237.0920223740199,34620200
2022-11-14,235.68698120117188,237.98969870255604,233.4037824185949,236.11630368440927,31123300
2022-11-15,236.0968017578125,241.00471025327306,234.20388788622643,239.69723888018083,31390100
2022-11-16,236.52731323242188,238.55276840729704,235.24551035999534,237.5644967801753,24093300
2022-11-17,236.47836303710938,238.0145794109885,232.51554231290342,232.66230792106765,23123500
2022-11-18,236.02828979492188,238.49405671182296,233.88542217086078,238.26899618839067,27613500
2022-11-21,236.84039306640625,239.40399837755373,235.99890213467734,236.23372709119394,26394700
2022-11-22,239.7562713623047,240.03024378872047,235.5292575473347,238.34726178052222,19665700
2022-11-23,242.2513885498047,242.93631960820255,239.0126313855125,239.83454865558997,19508500
2022-11-25,242.16336059570312,243.34730980799523,241.4197082669452,241.98722691191023,9200800
2022-11-28,236.5566864013672,241.3414402001899,235.61735647604124,240.78371585647386,24778200
2022-11-29,235.15745544433594,237.56450128373822,233.0830883095049,236.20441840998745,17956300
2022-11-30,249.648681640625,249.83459470450774,234.69755065431445,235.3922760619219,47594200
2022-12-01,249.20835876464844,250.60757398456622,245.5194955651915,248.40600029951568,26041500
2022-12-02,249.53128051757812,250.54889032100806,244.31599481535082,244.44320163967146,21528500
2022-12-05,244.8149871826172,248.35708472300595,242.72104661691858,246.58602848762314,23435300
2022-12-06,239.84434509277344,246.43928730732753,238.53318912634793,245.42167750975,22463700
2022-12-07,239.11048889160156,240.86197158934914,236.99698930720933,239.56059501119066,20481500
2022-12-08,242.07525634765625,243.38642715920767,237.8286688296212,239.57035707306187,22611800
2022-12-09,240.13787841796875,242.96567699688347,238.905002491201,239.43337362256503,20609700
2022-12-12,247.07530212402344,247.1046552491249,241.85023683065825,242.12420928519117,30665100
2022-12-13,251.39041137695312,258.2397527581906,247.6232676451208,256.0577375397233,42196900
2022-12-14,251.6839141845703,256.9383321296434,248.83654186322934,251.5958548171996,35410900
2022-12-15,243.65061950683594,248.728918924476,242.01656425839232,248.25925401561503,35560400
2022-12-16,239.423583984375,244.46273549809166,238.26897314614723,243.20050650303634,86102000
2022-12-19,235.27484130859375,239.9324023668118,233.57230052478496,239.5899293723979,29696400
2022-12-20,236.59580993652344,237.68192031750615,233.28855194336597,234.24745549988003,25150800
2022-12-21,239.16917419433594,240.3335644481044,234.94216046535638,236.48815622889643,23690600
2022-12-22,233.06350708007812,236.7817237519787,228.836478039085,236.06742458351349,28651700
2022-12-23,233.5918731689453,233.72885938875746,228.9049736414497,231.02826751372717,21207000
2022-12-27,231.85997009277344,233.78755649246543,230.75428604943204,233.5625109109422,16688600
2022-12-28,229.4822540283203,234.5605530300066,229.1300016429323,231.7914607924466,17457100
2022-12-29,235.8227996826172,236.71321757486763,230.57816095790326,230.57816095790326,19770700
2022-12-30,234.6584014892578,234.79538769550024,231.56641005649837,233.08305265228162,21938500
2023-01-03,234.42356872558594,240.46077124140547,232.29048067163205,237.84823891620616,25740000
2023-01-04,224.1691436767578,227.8579921549362,221.0967257126789,227.28069416142324,50623400
2023-01-05,217.52528381347656,222.6525101847704,216.9871183182412,222.31003716133554,39585600
2023-01-06,220.08889770507812,220.90103567706186,214.62900736635714,218.20044363304228,43613600
2023-01-09,222.2317352294922,226.26307141609416,221.53702478368263,221.57615730202494,27369800
2023-01-10,223.92453002929688,226.33157576127422,222.43724039296023,222.85797845401495,27033900
2023-01-11,230.695556640625,230.87167535707803,226.13584964102154,226.31196835747457,28669300
2023-01-12,233.3765869140625,234.7366695975556,228.53312785732817,230.19653607787433,27269500
2023-01-13,234.0811004638672,234.21808667704465,229.8638660470709,231.8991004502628,21333300
2023-01-17,235.17701721191406,235.72496209284455,231.9871717644744,232.84823653758127,29831300
2023-01-18,230.73472595214844,237.16332887463713,230.45097410915378,236.37076466345434,30028700
2023-01-19,226.93821716308594,230.4509617716894,225.71512062356072,228.74840601373435,28623000
2023-01-20,235.04977416992188,235.55858645111508,229.46266326415625,229.80513622715426,35389800
2023-01-23,237.35902404785156,239.8932766589855,234.49207780928063,235.9108818315434,31934000
2023-01-24,236.83062744140625,238.6995225755174,235.26507279685154,237.28073354657224,40234400
2023-01-25,235.43142700195312,238.0635333641679,225.93040571836002,229.43335629238763,66526600
2023-01-26,242.66236877441406,242.96569434652147,236.79150501374275,238.4059865757759,33454500
2023-01-27,242.81890869140625,244.4529638450001,241.5175322068459,243.63104656960752,26498900
2023-01-30,237.48622131347656,240.31401998539118,236.98718835759996,239.24746842953175,25867400
2023-01-31,242.4764404296875,242.61342664492787,237.72104048580297,238.21027910171549,26541100
2023-02-01,247.3101348876953,249.6878275342772,240.18682141552847,242.66236776319857,31259900
2023-02-02,258.90509033203125,258.9931497026044,251.71327646099442,253.2494929338685,39940400
2023-02-03,252.7896270751953,258.51372549345814,251.56653039867584,253.95401750010254,29077300
2023-02-06,251.24359130859375,252.74066029817823,249.29643114757204,251.8991842011105,22518000
2023-02-07,261.8013610839844,262.98531015234266,254.48234077073667,254.92266746149838,50841400
2023-02-08,260.9892578125,270.8033838180028,260.4804305117884,267.3200070611244,54686000
2023-02-09,257.9461669921875,268.0832067953903,257.1438084833281,267.9070581968134,42375100
2023-02-10,257.4373779296875,258.4060608799008,255.0498909814336,255.90116143595523,25818500
2023-02-13,265.4804382324219,268.6898422196811,261.4001752133106,261.8796493414977,44630900
2023-02-14,266.3121032714844,269.0518269790631,263.4842903547791,266.8013417807484,37047900
2023-02-15,264.18353271484375,265.5666447691535,261.1034044657681,263.2026047275784,28922400
2023-02-16,257.15032958984375,261.652786574721,256.90509753226513,258.9846605908433,29603600
2023-02-17,253.13829040527344,255.12957315105942,251.11758101538413,254.44294147679955,30000100
2023-02-21,247.85108947753906,250.61731377289414,246.791685383644,249.62656685950031,28397400
2023-02-22,246.71316528320312,249.48919297492887,245.565481461723,249.2439610053535,22491100
2023-02-23,249.9110565185547,251.94156990467263,245.70286658270774,250.68598313263473,29219100
2023-02-24,244.46688842773438,246.21293914937976,243.3682538076719,245.19278056900376,24990900
2023-02-27,245.3889617919922,247.9982339676097,244.63364301109786,247.6450992749113,21190000
2023-02-28,244.66307067871094,246.69359891216772,243.98622793422533,244.3197548443397,22491000
2023-03-01,241.57315063476562,246.14426388843702,241.10229440260224,245.9775079191277,27565300
2023-03-02,246.32081604003906,246.60527855731334,240.92571236066624,241.84778702071176,24808200
2023-03-03,250.4210968017578,250.74480483048058,246.59548367643978,247.38022905203076,30760100
2023-03-06,251.97097778320312,255.15899387446288,251.09795243692292,251.53936705600412,24109800
2023-03-07,249.30284118652344,252.77533463239405,248.5573413069621,251.41183036535284,21473200
2023-03-08,248.8614501953125,249.68542618790528,246.02656865087874,249.19496214929893,17340200
2023-03-09,247.5077667236328,254.60967605303648,246.78187459593914,250.94101481489335,26653400
2023-03-10,243.848876953125,247.96877137415123,242.8777678562055,246.2913929515961,28333900
2023-03-13,249.07725524902344,252.99116366046172,241.0434519121512,242.68160000285428,33339700
2023-03-14,255.81619262695312,256.0908512385294,250.98021034956767,251.85323557231487,33620300
2023-03-15,260.3775329589844,261.39770646973017,254.2663406895164,255.02167441477647,46028000
2023-03-16,270.9323425292969,271.28546226233277,258.25873880453594,260.15192277848104,54768800
2023-03-17,274.10064697265625,277.9262593916356,271.04997589481013,272.95297821473275,69527400
2023-03-20,267.03802490234375,272.187896607002,264.70341160654476,271.6974326351298,43466600
2023-03-21,268.5584411621094,269.7551744059868,264.3796786992098,269.6374678468421,34558700
2023-03-22,267.096923828125,275.6800448026521,266.98900616938766,268.1857396626866,34873300
2023-03-23,272.3644714355469,275.6996206406408,269.95139694314116,272.63913007748295,36610900
2023-03-24,275.218994140625,275.27784742962956,270.02987629936445,271.9524869231275,28172000
2023-03-27,271.10888671875,276.09198781080295,270.26527306825443,275.1503053082786,26840200
2023-03-28,269.9808349609375,270.8734830687269,266.86146104578347,270.53015226795435,21878600
2023-03-29,275.16015625,275.7781457546804,273.1002012129155,273.6396997041648,25087000
2023-03-30,278.63262939453125,279.03481352881886,276.1116667967819,278.80921921277934,25053400
2023-03-31,282.801513671875,283.7530149729274,277.60260755409064,278.31869572846455,32766000
2023-04-03,281.7519836425781,282.77212729380244,278.5345407324913,281.0555031510767,24883300
2023-04-04,281.70294189453125,284.9105961375122,280.2217607286318,281.752006263878,25824300
2023-04-05,278.91705322265625,281.67345840201926,277.52415228002326,280.3982640251811,22064800
2023-04-06,286.03857421875,286.5094004398076,276.65108727435404,277.8085749818448,29770300
2023-04-10,283.8708190917969,284.076805626708,279.28005247919805,283.694229269178,23103000
2023-04-11,277.43585205078125,280.52579918788547,276.26857527576567,280.30017497191614,27276600
2023-04-12,278.083251953125,281.5361374584624,276.582433403308,279.3584762356353,27403400
2023-04-13,284.31219482421875,284.37104811494265,277.76942120916596,278.18139424423316,24222700
2023-04-14,280.6827392578125,282.9781070789799,278.27945379517104,281.526322929585,20987900
2023-04-17,283.2919921875,286.0386085271272,280.702357854445,284.40044560842966,23836200
2023-04-18,282.8702087402344,286.1955691018291,281.53616100019883,286.0091903829201,20161800
2023-04-19,282.94873046875,283.53726339705304,279.11329789637085,280.5356257205043,17150300
2023-04-20,280.6532897949219,283.51761266618416,279.6429351736415,279.80970610176666,23244400
2023-04-21,280.30999755859375,280.810250487239,277.6614799588713,279.57430155150945,21676400
2023-04-24,276.3961181640625,279.5154924785271,273.4042992362368,276.71002236126867,26611000
2023-04-25,270.167236328125,276.22936493295845,270.11817196073184,274.1792287517983,45772200
2023-04-26,289.7367248535156,293.85663480146826,287.14709026508365,291.0413759757721,64599200
2023-04-27,299.0163269042969,299.37929548036186,289.61904801830957,290.32531751233853,46462600
2023-04-28,301.3999328613281,303.03806578134134,297.52525546706266,298.2119170093905,36469600
2023-05-01,299.7323913574219,302.7144211983591,299.33020723943775,301.11550358691363,21294100
2023-05-02,299.58526611328125,303.28335441543976,298.1138739067997,301.8904532238792,26404400
2023-05-03,298.5944519042969,302.7241500523143,298.2903666449146,300.7721130771422,22360800
2023-05-04,299.58526611328125,301.8904532238792,297.61359097721964,300.3994232958919,22519900
2023-05-05,304.72528076171875,306.0201129213296,298.46695525914686,299.8893128499304,28197100
2023-05-08,302.7634582519531,304.28391479928877,300.2522846595883,304.2152426463564,21318600
2023-05-09,301.1448974609375,304.1269269773573,300.4680547428102,302.12582546569627,21340800
2023-05-10,306.3536071777344,307.03044986140986,301.80211703381246,302.73398062957256,30078000
2023-05-11,304.1955871582031,305.1863340809167,300.4190380652053,304.1857982337492,31680200
2023-05-12,303.0773620605469,304.7253141155851,300.7525672086982,304.6272153165958,19774700
2023-05-15,303.5579528808594,303.9895635706543,301.72362241700347,303.2048331904154,16336500
2023-05-16,305.7945251464844,307.72695475671816,303.92094882910635,303.92094882910635,26730300
2023-05-17,308.6847229003906,309.10743681750125,305.47989738715967,307.0036775549358,24315000
2023-05-18,313.1282043457031,313.6394211850269,308.4094689120249,309.20575514144576,27276000
2023-05-19,312.9513244628906,313.354387824604,311.0146702620211,311.3784023198858,27546700
2023-05-22,315.7431640625,317.12929964929396,312.6268415738599,313.2068506490171,24115700
2023-05-23,309.9234313964844,317.2571435018196,309.91359107162907,314.612676200923,30797200
2023-05-24,308.5372619628906,311.14239768103363,307.3182318525054,309.4023704280069,23384900
2023-05-25,320.40301513671875,321.3664070243796,314.58321250494043,317.7683579312352,43301700
2023-05-26,327.25494384765625,327.75629030696444,318.3974530543971,318.5350675723102,36630600
2023-05-30,325.6034240722656,330.0567411570019,324.925101668545,329.5553945984625,29503100
2023-05-31,322.8311767578125,330.2533617664541,321.78909235828155,326.6651533185743,45950600
2023-06-01,326.9501953125,327.8841260635335,319.2232608919035,320.41277005822946,26773900
2023-06-02,329.72247314453125,331.7869311608408,326.92071083675313,328.5919458978105,25873800
2023-06-05,330.25335693359375,332.8290019187476,328.99502541409146,329.5455435788118,21307100
2023-06-06,328.0316162109375,329.6930110935296,326.5471971745733,329.65367979425776,20396200
2023-06-07,317.9059753417969,328.8278959178741,317.04086678111935,326.03597374540885,40717100
2023-06-08,319.75408935546875,321.1107338594389,317.87641775949396,318.45642678636824,23277700
2023-06-09,321.2582702636719,324.4040842590463,318.9185529165109,319.488721765344,22529000
2023-06-12,326.2325744628906,326.4783425572576,319.6558178575519,323.0179085879385,24260300
2023-06-13,328.63128662109375,331.27575382243526,324.7973101956696,328.80823245588505,22951300
2023-06-14,331.6296691894531,333.30090441787564,327.1763520230472,328.6804517282309,26003800
2023-06-15,342.2074890136719,343.9180252922513,331.492006462169,331.76726551850345,38899100
2023-06-16,336.53515625,345.52045224652784,336.16161394464854,345.3729973890222,46552000
2023-06-20,332.32763671875,336.28941757561955,330.17470560784415,333.5663176321454,26375400
2023-06-21,327.91363525390625,332.0130604612283,326.4488669428893,330.67606636446294,25117800
2023-06-22,333.95953369140625,334.3625969961484,327.69736698314864,328.4641622943436,23556800
2023-06-23,329.348876953125,332.239111966168,327.80547621565904,328.70004562356576,23146900
2023-06-26,323.03759765625,330.420451002799,322.9294440913957,328.07092355992313,21520600
2023-06-27,328.906494140625,330.45973511529957,323.7256841154265,326.2423467079274,24354100
2023-06-28,330.16485595703125,332.258804870359,328.1593799554091,328.99499745616725,20259500
2023-06-29,329.3783874511719,330.4204417692503,326.9895287786518,329.04414644357956,16997000
2023-06-30,334.7754821777344,336.928413125334,331.49202397478524,332.0327017922602,26832800
2023-07-03,332.2686462402344,335.1293906566377,330.87270016823766,333.44834517518075,12508700
2023-07-05,332.4258728027344,335.8666256515005,329.06378253391966,329.417674140749,18172400
2023-07-06,335.4931335449219,337.18401940600376,329.8208161509684,331.5903346098022,28161200
2023-07-07,331.5116882324219,336.0043364674082,331.295411096355,333.576146349244,21214800
2023-07-10,326.21295166015625,329.5554223370382,322.04473364088307,328.93608182925135,32791400
2023-07-11,326.8420715332031,327.22545415637865,321.4646644778311,325.45593589359305,26698200
2023-07-12,331.4919738769531,335.86662737799577,329.98787453822877,330.9021245282215,29995300
2023-07-13,336.8595886230469,337.92129360338816,333.2811907244009,333.81205821506575,20567200
2023-07-14,339.39593505859375,345.48115613970265,338.48168484795,341.70616139811665,28352700
2023-07-17,339.87762451171875,341.116275309023,336.40738021266617,339.82845289215857,20363900
2023-07-18,353.40472412109375,360.57133106049383,336.37793118829495,339.9759501445123,64738600
2023-07-19,349.0693664550781,356.3244462294896,346.47407068269024,355.62647316205454,39732900
2023-07-20,340.9983825683594,351.91049425596435,339.5237736916829,347.58498088457884,33778400
2023-07-21,337.9508056640625,344.3702675687518,334.077497807225,343.2397402503529,69405400
2023-07-24,339.26806640625,341.0474548667673,336.5154759718877,339.9955603075345,26678100
2023-07-25,345.0387878417969,345.933387393559,339.2288259183692,341.23427216529524,41637700
2023-07-26,332.0523986816406,338.8356231603512,327.4712770775954,335.66028807830253,58383700
2023-07-27,325.1216735839844,335.55205632911367,323.479929635845,334.7164688714893,39635300
2023-07-28,332.6422119140625,334.2544650928314,327.53025330055345,328.02178951344797,28484900
2023-07-31,330.23370361328125,331.9835713371964,327.7170105936494,331.2167760424693,25446000
2023-08-01,330.6465759277344,332.8093472638062,328.0512803254377,329.5160486388289,18311900
2023-08-02,321.9562683105469,327.9825079954194,320.8355511745765,327.9825079954194,27761300
2023-08-03,321.13043212890625,324.2959264406298,320.4324591287807,320.4816007481319,18253700
2023-08-04,322.2314758300781,329.46690442388586,321.70060832431494,326.2620787423008,23741500
2023-08-07,324.52203369140625,325.50510614632094,321.97587963329613,322.8114972201717,17741500
2023-08-08,320.53076171875,323.1850693457117,317.5324027335814,321.4253612522669,22327600
2023-08-09,316.7754211425781,321.5727891157856,315.61537294318714,320.9436383983928,22373300
2023-08-10,317.463623046875,322.7034167316394,315.74324602110335,320.5013137379754,20113700
2023-08-11,315.5760803222656,316.95237568031445,313.8065320039268,314.83877602320496,24355500
2023-08-14,318.55474853515625,318.57439918031054,314.66176072368876,315.94961300542656,18836100
2023-08-15,316.41168212890625,319.5870169204076,315.4679409838277,317.53239911449145,16966300
2023-08-16,315.64324951171875,319.6035867530306,315.0521512600074,316.03730499135764,20698900
2023-08-17,312.175537109375,317.0914448901851,311.51547084312125,315.78120358070635,21257200
2023-08-18,311.781494140625,313.65328039991437,306.92466292217586,309.82101758009554,24755000
2023-08-21,317.1012878417969,317.97805902911256,312.3331473900361,313.20991857735174,24040000
2023-08-22,317.6726379394531,321.2388893463818,316.68748428827934,320.6675134570826,16084600
2023-08-23,322.1452941894531,324.31264458594995,318.6578413021839,319.012512305478,21166400
2023-08-24,315.21966552734375,328.0365262054767,315.20980436860924,327.9084513999614,23281400
2023-08-25,318.1849670410156,320.52960769740787,314.0670015423209,316.697375267024,21684100
2023-08-28,318.8943176269531,321.30792655371766,316.94370215408395,320.8252107812668,14808500
2023-08-29,323.53436279296875,324.09590767397725,317.1013096869728,317.1013096869728,19284600
2023-08-30,323.9087219238281,324.913567962967,321.6034656708571,323.79050827975385,15222100
2023-08-31,322.8940124511719,325.9972408442875,321.92855092385497,324.3126362990831,26411000
2023-09-01,323.7806396484375,327.06118845381434,321.9285457619997,326.39129110984953,14942000
2023-09-05,328.5980224609375,329.8787403792181,323.78063623976607,324.1155849082222,18553900
2023-09-06,327.93804931640625,329.4945793177721,325.2781216448237,328.4306262878465,17535800
2023-09-07,325.0120849609375,328.1350055862109,324.14514483010225,326.37160197842854,18381000
2023-09-08,329.307373046875,331.1693282906992,324.5687853410023,325.1894370889437,19530100
2023-09-11,332.9228820800781,333.395766733697,330.45013638799065,332.2332623849475,16583300
2023-09-12,326.8443908691406,331.78988105865557,326.5587179787313,330.8342808879904,17565500
2023-09-13,331.07080078125,331.84908074164815,326.2534140831234,326.3913199887265,16544400
2023-09-14,333.67156982421875,335.7994753569571,331.5731876353605,334.1148709499955,20267000
2023-09-15,325.31744384765625,332.3908399335854,324.75589904418035,331.91798541655635,37679800
2023-09-18,324.1746826171875,325.494785002062,321.5147555316382,322.93337930199704,16834200
2023-09-19,323.77081298828125,324.4998472951053,319.6922916047418,321.32765063479235,16505900
2023-09-20,316.0078125,324.696877301014,315.75169292433986,324.61807821569823,21436500
2023-09-21,314.78619384765625,320.5197962034768,310.3234483172927,314.5202131437501,35560400
2023-09-22,312.3035888671875,316.6776737677098,311.4563410385971,316.5495989744166,21447900
